{
  "configVersion": 1,
  "timestamp": 1608239374766,
  "index": "/index.html",
  "assetGroups": [
    {
      "name": "app",
      "installMode": "prefetch",
      "updateMode": "prefetch",
      "urls": [
        "/10-es2015.121a27a59212954f7afb.js",
        "/10-es5.121a27a59212954f7afb.js",
        "/11-es2015.5ff5f3458cf044c06a11.js",
        "/11-es5.5ff5f3458cf044c06a11.js",
        "/2-es2015.ebd5b24bb0f2af035b5c.js",
        "/2-es5.ebd5b24bb0f2af035b5c.js",
        "/3-es2015.6c6e3cd28c78da51a9d5.js",
        "/3-es5.6c6e3cd28c78da51a9d5.js",
        "/8-es2015.1878dcebdc25d021cb99.js",
        "/8-es5.1878dcebdc25d021cb99.js",
        "/9-es2015.d17b163f0c6c63de3ab3.js",
        "/9-es5.d17b163f0c6c63de3ab3.js",
        "/common-es2015.6cde9b00477e5f32b610.js",
        "/common-es5.6cde9b00477e5f32b610.js",
        "/favicon.ico",
        "/index.html",
        "/main-es2015.2c680f62df38ba4ebd4f.js",
        "/main-es5.2c680f62df38ba4ebd4f.js",
        "/manifest.webmanifest",
        "/polyfills-es2015.a7f01a02b666fb10af81.js",
        "/polyfills-es5.c0ef7c1ef0668032233b.js",
        "/runtime-es2015.0dcb2f917908419eb77d.js",
        "/runtime-es5.0dcb2f917908419eb77d.js",
        "/styles.406fe42e1ed8d6530b74.css"
      ],
      "patterns": []
    },
    {
      "name": "assets",
      "installMode": "lazy",
      "updateMode": "prefetch",
      "urls": [
        "/assets/icons/icon-128x128.png",
        "/assets/icons/icon-144x144.png",
        "/assets/icons/icon-152x152.png",
        "/assets/icons/icon-192x192.png",
        "/assets/icons/icon-384x384.png",
        "/assets/icons/icon-512x512.png",
        "/assets/icons/icon-72x72.png",
        "/assets/icons/icon-96x96.png",
        "/assets/pictures/fdlmlog.png"
      ],
      "patterns": []
    }
  ],
  "dataGroups": [],
  "hashTable": {
    "/10-es2015.121a27a59212954f7afb.js": "d0a2c6862609b7c078742e062274077226bd6550",
    "/10-es5.121a27a59212954f7afb.js": "54a89b09d879cdddc2a0d2fe48850beca4302fa0",
    "/11-es2015.5ff5f3458cf044c06a11.js": "7ff7fe0c283b5395a73ec485fad85b02dbf96800",
    "/11-es5.5ff5f3458cf044c06a11.js": "75934e0a0285d81240649a8e8fc9504cf274d809",
    "/2-es2015.ebd5b24bb0f2af035b5c.js": "1f81f5c9c8c696472ac7afb919a0cd1af17caa63",
    "/2-es5.ebd5b24bb0f2af035b5c.js": "1f81f5c9c8c696472ac7afb919a0cd1af17caa63",
    "/3-es2015.6c6e3cd28c78da51a9d5.js": "8a2e991249b94b2731a861af95cfdf5156efc858",
    "/3-es5.6c6e3cd28c78da51a9d5.js": "1718f7eaab9f3997e72623a239c37ba8d28d4679",
    "/8-es2015.1878dcebdc25d021cb99.js": "cd5b38189bc442555c56d8641b164ac9485b991e",
    "/8-es5.1878dcebdc25d021cb99.js": "29da2953314f9db731cae47f9dc20fdacd26d05d",
    "/9-es2015.d17b163f0c6c63de3ab3.js": "8e938f11970435a19972d3a0fce370a1192f8a03",
    "/9-es5.d17b163f0c6c63de3ab3.js": "8e938f11970435a19972d3a0fce370a1192f8a03",
    "/assets/icons/icon-128x128.png": "dae3b6ed49bdaf4327b92531d4b5b4a5d30c7532",
    "/assets/icons/icon-144x144.png": "b0bd89982e08f9bd2b642928f5391915b74799a7",
    "/assets/icons/icon-152x152.png": "7479a9477815dfd9668d60f8b3b2fba709b91310",
    "/assets/icons/icon-192x192.png": "1abd80d431a237a853ce38147d8c63752f10933b",
    "/assets/icons/icon-384x384.png": "329749cd6393768d3131ed6304c136b1ca05f2fd",
    "/assets/icons/icon-512x512.png": "559d9c4318b45a1f2b10596bbb4c960fe521dbcc",
    "/assets/icons/icon-72x72.png": "c457e56089a36952cd67156f9996bc4ce54a5ed9",
    "/assets/icons/icon-96x96.png": "3914125a4b445bf111c5627875fc190f560daa41",
    "/assets/pictures/fdlmlog.png": "9f4787f094c49a1ffeb4e9110ad1260d92737e5a",
    "/common-es2015.6cde9b00477e5f32b610.js": "79308398b7c6aba2978442da31e41da2ff866612",
    "/common-es5.6cde9b00477e5f32b610.js": "79308398b7c6aba2978442da31e41da2ff866612",
    "/favicon.ico": "22f6a4a3bcaafafb0254e0f2fa4ceb89e505e8b2",
    "/index.html": "355063d80acb49b98f3a85e99cfebd46910a5838",
    "/main-es2015.2c680f62df38ba4ebd4f.js": "603ad2912a08250f6c28e7aa31e50dd5f5956f9c",
    "/main-es5.2c680f62df38ba4ebd4f.js": "494807b4eb468fb042a47a29d2ba667ea1e3c583",
    "/manifest.webmanifest": "4420be676ed44cf9b57330be79f6ad12214a2df4",
    "/polyfills-es2015.a7f01a02b666fb10af81.js": "9c6973758a32ac5aa3e3053b3f09a7e3537af904",
    "/polyfills-es5.c0ef7c1ef0668032233b.js": "9143b82822cefbf4ffc93b6d127f7d477bf59fa9",
    "/runtime-es2015.0dcb2f917908419eb77d.js": "93f55948d80d1cd2757ab6155c089b56ca8c1237",
    "/runtime-es5.0dcb2f917908419eb77d.js": "a1cb7dd82d0b48083695181e70a75fe26cfbd1b5",
    "/styles.406fe42e1ed8d6530b74.css": "717f7f08646980b38a8cfdc8222c5bc0d7c07a62"
  },
  "navigationUrls": [
    {
      "positive": true,
      "regex": "^\\/.*$"
    },
    {
      "positive": false,
      "regex": "^\\/(?:.+\\/)?[^/]*\\.[^/]*$"
    },
    {
      "positive": false,
      "regex": "^\\/(?:.+\\/)?[^/]*__[^/]*$"
    },
    {
      "positive": false,
      "regex": "^\\/(?:.+\\/)?[^/]*__[^/]*\\/.*$"
    }
  ]
}